<?xml version="1.0" encoding="UTF-8"?>

<!DOCTYPE hibernate-mapping PUBLIC  
 "-//Hibernate/Hibernate Mapping DTD 5.3//EN"  
 "http://hibernate.sourceforge.net/hibernate-mapping-5.3.dtd">  
 
<hibernate-mapping>
	<class name="com.niit.Orders" table="MyOrders">
		<id name="orderId">
			<generator class="assigned"></generator>
		</id>
		
		<component name="weekdayContact" class="com.niit.ContactDetails">
			<property name="Receipient" column="wrec"></property>
			<property name="Address" column="waddr"></property>
			<property name="Phone" column="wphn"></property>
		</component>
		
		<component name="holidayContact" class="com.niit.ContactDetails">
			<property name="Receipient" column="hrec"></property>
			<property name="Address" column="hadd"></property>
			<property name="Phone" column="hphn"></property>
		</component>
	</class>
</hibernate-mapping>