<?xml version="1.0" encoding="UTF-8"?>
<!DOCTYPE hibernate-mapping PUBLIC  
 "-//Hibernate/Hibernate Mapping DTD 5.3//EN"  
 "http://hibernate.sourceforge.net/hibernate-mapping-5.3.dtd"> 
 
<hibernate-mapping>
	
	<class name="com.niit.Authors" table="Author123">
		<id name="authorId">
			<generator class="assigned"></generator>
		</id>
		<property name="authorName"></property>
		<set name="bookList" cascade="all">
			<key column="authorId"></key>
			<one-to-many class="com.niit.Books"></one-to-many>
		</set>
		
	</class>
</hibernate-mapping>